Source,Target,Weight,Type
Boehlau_Rangierbahnhof,Boehlau_Recht-Mutter,6,undirected
Boehlau_Rangierbahnhof,Dohm_Sibilla-Dalmar,2,undirected
Boehlau_Rangierbahnhof,Keller_Seldwyla,1,undirected
Boehlau_Rangierbahnhof,Storm_Schimmelreiter,1,undirected
Boehlau_Recht-Mutter,Boehlau_Rangierbahnhof,6,undirected
Boehlau_Recht-Mutter,Dohm_Sibilla-Dalmar,3,undirected
Boehlau_Recht-Mutter,Fontane_Effi-Briest,1,undirected
Boehlau_Recht-Mutter,Fontane_Stechlin,2,undirected
Boehlau_Recht-Mutter,Storm_Schimmelreiter,2,undirected
Dohm_Schicksale,Dohm_Sibilla-Dalmar,6,undirected
Dohm_Schicksale,Keller_gruene-Heinrich,4,undirected
Dohm_Schicksale,Keller_Seldwyla,2,undirected
Dohm_Schicksale,Storm_Aquis-submersus,1,undirected
Dohm_Sibilla-Dalmar,Boehlau_Rangierbahnhof,2,undirected
Dohm_Sibilla-Dalmar,Boehlau_Recht-Mutter,3,undirected
Dohm_Sibilla-Dalmar,Dohm_Schicksale,6,undirected
Dohm_Sibilla-Dalmar,Fontane_Effi-Briest,2,undirected
Dohm_Sibilla-Dalmar,Fontane_Stechlin,2,undirected
Dohm_Sibilla-Dalmar,Keller_gruene-Heinrich,3,undirected
Dohm_Sibilla-Dalmar,Keller_Seldwyla,2,undirected
Fontane_Effi-Briest,Boehlau_Recht-Mutter,1,undirected
Fontane_Effi-Briest,Dohm_Sibilla-Dalmar,2,undirected
Fontane_Effi-Briest,Fontane_Stechlin,6,undirected
Fontane_Stechlin,Boehlau_Recht-Mutter,2,undirected
Fontane_Stechlin,Dohm_Sibilla-Dalmar,2,undirected
Fontane_Stechlin,Fontane_Effi-Briest,6,undirected
Keller_gruene-Heinrich,Dohm_Schicksale,4,undirected
Keller_gruene-Heinrich,Dohm_Sibilla-Dalmar,3,undirected
Keller_gruene-Heinrich,Keller_Seldwyla,6,undirected
Keller_gruene-Heinrich,Storm_Aquis-submersus,2,undirected
Keller_Seldwyla,Boehlau_Rangierbahnhof,1,undirected
Keller_Seldwyla,Dohm_Schicksale,2,undirected
Keller_Seldwyla,Dohm_Sibilla-Dalmar,2,undirected
Keller_Seldwyla,Keller_gruene-Heinrich,6,undirected
Storm_Aquis-submersus,Dohm_Schicksale,1,undirected
Storm_Aquis-submersus,Keller_gruene-Heinrich,2,undirected
Storm_Aquis-submersus,Storm_Schimmelreiter,6,undirected
Storm_Schimmelreiter,Boehlau_Rangierbahnhof,1,undirected
Storm_Schimmelreiter,Boehlau_Recht-Mutter,2,undirected
Storm_Schimmelreiter,Storm_Aquis-submersus,6,undirected
