Source,Target,Weight,Type
Dickens_Little-Dorrit,Dickens_Our-Mutual-Friend,6,undirected
Dickens_Little-Dorrit,Eliot_Daniel-Deronda,1,undirected
Dickens_Little-Dorrit,Eliot_Middlemarch,2,undirected
Dickens_Little-Dorrit,Meredith_Ordeal-of-Richard-Feverel,1,undirected
Dickens_Little-Dorrit,Stevenson_Jekyll-and-Hyde,3,undirected
Dickens_Little-Dorrit,Stevenson_Treasure-Island,1,undirected
Dickens_Our-Mutual-Friend,Dickens_Little-Dorrit,6,undirected
Dickens_Our-Mutual-Friend,Eliot_Middlemarch,1,undirected
Dickens_Our-Mutual-Friend,Meredith_Ordeal-of-Richard-Feverel,4,undirected
Eliot_Adam-Bede,Eliot_Daniel-Deronda,2,undirected
Eliot_Adam-Bede,Eliot_Middlemarch,1,undirected
Eliot_Adam-Bede,Eliot_Silas-Marner,6,undirected
Eliot_Adam-Bede,Stevenson_Treasure-Island,2,undirected
Eliot_Daniel-Deronda,Dickens_Little-Dorrit,1,undirected
Eliot_Daniel-Deronda,Eliot_Adam-Bede,2,undirected
Eliot_Daniel-Deronda,Eliot_Middlemarch,6,undirected
Eliot_Daniel-Deronda,Eliot_Romola,5,undirected
Eliot_Daniel-Deronda,Eliot_Silas-Marner,1,undirected
Eliot_Daniel-Deronda,Meredith_The-Egoist,2,undirected
Eliot_Middlemarch,Dickens_Little-Dorrit,2,undirected
Eliot_Middlemarch,Dickens_Our-Mutual-Friend,1,undirected
Eliot_Middlemarch,Eliot_Adam-Bede,1,undirected
Eliot_Middlemarch,Eliot_Daniel-Deronda,6,undirected
Eliot_Middlemarch,Eliot_Romola,3,undirected
Eliot_Middlemarch,Eliot_Silas-Marner,4,undirected
Eliot_Middlemarch,Meredith_The-Egoist,1,undirected
Eliot_Romola,Eliot_Daniel-Deronda,5,undirected
Eliot_Romola,Eliot_Middlemarch,3,undirected
Eliot_Romola,Eliot_Silas-Marner,2,undirected
Eliot_Romola,Stevenson_Jekyll-and-Hyde,2,undirected
Eliot_Silas-Marner,Eliot_Adam-Bede,6,undirected
Eliot_Silas-Marner,Eliot_Daniel-Deronda,1,undirected
Eliot_Silas-Marner,Eliot_Middlemarch,4,undirected
Eliot_Silas-Marner,Eliot_Romola,2,undirected
Meredith_Ordeal-of-Richard-Feverel,Dickens_Little-Dorrit,1,undirected
Meredith_Ordeal-of-Richard-Feverel,Dickens_Our-Mutual-Friend,4,undirected
Meredith_Ordeal-of-Richard-Feverel,Meredith_The-Egoist,6,undirected
Meredith_The-Egoist,Eliot_Daniel-Deronda,2,undirected
Meredith_The-Egoist,Eliot_Middlemarch,1,undirected
Meredith_The-Egoist,Meredith_Ordeal-of-Richard-Feverel,6,undirected
Stevenson_Jekyll-and-Hyde,Dickens_Little-Dorrit,3,undirected
Stevenson_Jekyll-and-Hyde,Eliot_Romola,2,undirected
Stevenson_Jekyll-and-Hyde,Stevenson_Treasure-Island,4,undirected
Stevenson_Treasure-Island,Dickens_Little-Dorrit,1,undirected
Stevenson_Treasure-Island,Eliot_Adam-Bede,2,undirected
Stevenson_Treasure-Island,Stevenson_Jekyll-and-Hyde,4,undirected
Trollope_Can-You-Forgive-Her,Trollope_Last-Chronicle-of-Barset,6,undirected
Trollope_Can-You-Forgive-Her,Trollope_The-Prime-Minister,2,undirected
Trollope_Can-You-Forgive-Her,Trollope_The-Way-We-Live-Now,3,undirected
Trollope_Last-Chronicle-of-Barset,Trollope_Can-You-Forgive-Her,6,undirected
Trollope_Last-Chronicle-of-Barset,Trollope_The-Prime-Minister,3,undirected
Trollope_Last-Chronicle-of-Barset,Trollope_The-Way-We-Live-Now,4,undirected
Trollope_The-Prime-Minister,Trollope_Can-You-Forgive-Her,2,undirected
Trollope_The-Prime-Minister,Trollope_Last-Chronicle-of-Barset,3,undirected
Trollope_The-Prime-Minister,Trollope_The-Way-We-Live-Now,6,undirected
Trollope_The-Way-We-Live-Now,Trollope_Can-You-Forgive-Her,3,undirected
Trollope_The-Way-We-Live-Now,Trollope_Last-Chronicle-of-Barset,4,undirected
Trollope_The-Way-We-Live-Now,Trollope_The-Prime-Minister,6,undirected
